Ticker,CL=F,CL=F,CL=F,GC=F,GC=F,GC=F,^GSPC,^GSPC,^GSPC
Price,Adj Close,Close,Volume,Adj Close,Close,Volume,Adj Close,Close,Volume
Date,,,,,,,,,
2023-01-03,76.93000030517578,76.93000030517578,338520,1839.699951171875,1839.699951171875,29,3824.139892578125,3824.139892578125,3959140000
2023-01-04,72.83999633789062,72.83999633789062,352434,1852.800048828125,1852.800048828125,25,3852.969970703125,3852.969970703125,4414080000
2023-01-05,73.66999816894531,73.66999816894531,300731,1834.800048828125,1834.800048828125,24,3808.10009765625,3808.10009765625,3893450000
2023-01-06,73.7699966430664,73.7699966430664,258128,1864.199951171875,1864.199951171875,26,3895.080078125,3895.080078125,3923560000
2023-01-09,74.62999725341797,74.62999725341797,329290,1872.699951171875,1872.699951171875,62,3892.090087890625,3892.090087890625,4311770000
2023-01-10,75.12000274658203,75.12000274658203,307430,1871.5999755859375,1871.5999755859375,101,3919.25,3919.25,3851030000
2023-01-11,77.41000366210938,77.41000366210938,350891,1874.5999755859375,1874.5999755859375,1236,3969.610107421875,3969.610107421875,4303360000
2023-01-12,78.38999938964844,78.38999938964844,307705,1895.5,1895.5,59,3983.169921875,3983.169921875,4440260000
2023-01-13,79.86000061035156,79.86000061035156,283539,1918.4000244140625,1918.4000244140625,512,3999.090087890625,3999.090087890625,3939700000
2023-01-17,80.18000030517578,80.18000030517578,312275,1907.199951171875,1907.199951171875,706,3990.969970703125,3990.969970703125,4235560000
2023-01-18,79.4800033569336,79.4800033569336,92549,1904.4000244140625,1904.4000244140625,1027,3928.860107421875,3928.860107421875,4298710000
2023-01-19,80.33000183105469,80.33000183105469,58863,1922.0999755859375,1922.0999755859375,371,3898.85009765625,3898.85009765625,3991500000
2023-01-20,81.30999755859375,81.30999755859375,300145,1926.4000244140625,1926.4000244140625,1346,3972.610107421875,3972.610107421875,4013360000
2023-01-23,81.62000274658203,81.62000274658203,297076,1927.0999755859375,1927.0999755859375,218,4019.81005859375,4019.81005859375,3945210000
2023-01-24,80.12999725341797,80.12999725341797,288207,1933.9000244140625,1933.9000244140625,201,4016.949951171875,4016.949951171875,3320430000
2023-01-25,80.1500015258789,80.1500015258789,297234,1941.199951171875,1941.199951171875,7,4016.219970703125,4016.219970703125,3724020000
2023-01-26,81.01000213623047,81.01000213623047,291060,1929.0999755859375,1929.0999755859375,131,4060.429931640625,4060.429931640625,3809590000
2023-01-27,79.68000030517578,79.68000030517578,367588,1928.5999755859375,1928.5999755859375,150902,4070.56005859375,4070.56005859375,3907760000
2023-01-30,77.9000015258789,77.9000015258789,327426,1922.9000244140625,1922.9000244140625,27220,4017.77001953125,4017.77001953125,3802000000
2023-01-31,78.87000274658203,78.87000274658203,312734,1929.5,1929.5,1910,4076.60009765625,4076.60009765625,4679320000
2023-02-01,76.41000366210938,76.41000366210938,360859,1927.800048828125,1927.800048828125,2290,4119.2099609375,4119.2099609375,4856930000
2023-02-02,75.87999725341797,75.87999725341797,339755,1916.300048828125,1916.300048828125,748,4179.759765625,4179.759765625,5624360000
2023-02-03,73.38999938964844,73.38999938964844,413414,1862.9000244140625,1862.9000244140625,992,4136.47998046875,4136.47998046875,4694510000
2023-02-06,74.11000061035156,74.11000061035156,380028,1866.199951171875,1866.199951171875,424,4111.080078125,4111.080078125,4114240000
2023-02-07,77.13999938964844,77.13999938964844,408279,1871.699951171875,1871.699951171875,297,4164.0,4164.0,4355860000
2023-02-08,78.47000122070312,78.47000122070312,353468,1877.4000244140625,1877.4000244140625,230,4117.85986328125,4117.85986328125,4029820000
2023-02-09,78.05999755859375,78.05999755859375,324156,1866.199951171875,1866.199951171875,223,4081.5,4081.5,4270200000
2023-02-10,79.72000122070312,79.72000122070312,356062,1862.800048828125,1862.800048828125,27,4090.4599609375,4090.4599609375,3891520000
2023-02-13,80.13999938964844,80.13999938964844,301299,1851.9000244140625,1851.9000244140625,569,4137.2900390625,4137.2900390625,3448620000
2023-02-14,79.05999755859375,79.05999755859375,299938,1854.0,1854.0,656,4136.1298828125,4136.1298828125,3929200000
2023-02-15,78.58999633789062,78.58999633789062,264486,1834.199951171875,1834.199951171875,368,4147.60009765625,4147.60009765625,4075980000
2023-02-16,78.48999786376953,78.48999786376953,117600,1842.0,1842.0,222,4090.409912109375,4090.409912109375,4143660000
2023-02-17,76.33999633789062,76.33999633789062,93267,1840.4000244140625,1840.4000244140625,35,4079.090087890625,4079.090087890625,4045480000
2023-02-21,76.16000366210938,76.16000366210938,402351,1833.0,1833.0,862,3997.340087890625,3997.340087890625,4121590000
2023-02-22,73.94999694824219,73.94999694824219,332018,1832.0,1832.0,278,3991.050048828125,3991.050048828125,4079320000
2023-02-23,75.38999938964844,75.38999938964844,333838,1818.0,1818.0,291,4012.320068359375,4012.320068359375,3952940000
2023-02-24,76.31999969482422,76.31999969482422,329254,1808.800048828125,1808.800048828125,404,3970.0400390625,3970.0400390625,3877700000
2023-02-27,75.68000030517578,75.68000030517578,266091,1817.0,1817.0,829,3982.239990234375,3982.239990234375,3836950000
2023-02-28,77.05000305175781,77.05000305175781,300093,1828.9000244140625,1828.9000244140625,618,3970.14990234375,3970.14990234375,5043400000
2023-03-01,77.69000244140625,77.69000244140625,342121,1837.699951171875,1837.699951171875,211,3951.389892578125,3951.389892578125,4249480000
2023-03-02,78.16000366210938,78.16000366210938,260331,1833.5,1833.5,154,3981.35009765625,3981.35009765625,4244900000
2023-03-03,79.68000030517578,79.68000030517578,374201,1847.699951171875,1847.699951171875,61,4045.639892578125,4045.639892578125,4084730000
2023-03-06,80.45999908447266,80.45999908447266,292351,1847.9000244140625,1847.9000244140625,5,4048.419921875,4048.419921875,4000870000
2023-03-07,77.58000183105469,77.58000183105469,398241,1813.9000244140625,1813.9000244140625,450,3986.3701171875,3986.3701171875,3922500000
2023-03-08,76.66000366210938,76.66000366210938,335930,1812.699951171875,1812.699951171875,75,3992.010009765625,3992.010009765625,3535570000
2023-03-09,75.72000122070312,75.72000122070312,349960,1829.300048828125,1829.300048828125,332,3918.320068359375,3918.320068359375,4445260000
2023-03-10,76.68000030517578,76.68000030517578,371834,1862.0,1862.0,248,3861.590087890625,3861.590087890625,5518190000
2023-03-13,74.80000305175781,74.80000305175781,457423,1911.699951171875,1911.699951171875,503,3855.760009765625,3855.760009765625,6558020000
2023-03-14,71.33000183105469,71.33000183105469,432858,1906.199951171875,1906.199951171875,107,3919.2900390625,3919.2900390625,5665870000
2023-03-15,67.61000061035156,67.61000061035156,555164,1926.5999755859375,1926.5999755859375,564,3891.929931640625,3891.929931640625,6594010000
2023-03-16,68.3499984741211,68.3499984741211,327120,1919.0,1919.0,394,3960.280029296875,3960.280029296875,5695790000
2023-03-17,66.73999786376953,66.73999786376953,152255,1969.800048828125,1969.800048828125,82,3916.639892578125,3916.639892578125,9354280000
2023-03-20,67.63999938964844,67.63999938964844,76873,1979.199951171875,1979.199951171875,389,3951.570068359375,3951.570068359375,5347140000
2023-03-21,69.33000183105469,69.33000183105469,409495,1938.0,1938.0,47,4002.8701171875,4002.8701171875,4920240000
2023-03-22,70.9000015258789,70.9000015258789,337639,1946.800048828125,1946.800048828125,50,3936.969970703125,3936.969970703125,4533010000
2023-03-23,69.95999908447266,69.95999908447266,335241,1993.800048828125,1993.800048828125,33,3948.719970703125,3948.719970703125,4991600000
2023-03-24,69.26000213623047,69.26000213623047,380852,1982.0999755859375,1982.0999755859375,19,3970.989990234375,3970.989990234375,4583970000
2023-03-27,72.80999755859375,72.80999755859375,353598,1952.4000244140625,1952.4000244140625,877,3977.530029296875,3977.530029296875,4233540000
2023-03-28,73.19999694824219,73.19999694824219,328472,1972.4000244140625,1972.4000244140625,21,3971.27001953125,3971.27001953125,4014600000
2023-03-29,72.97000122070312,72.97000122070312,312669,1966.0999755859375,1966.0999755859375,88563,4027.81005859375,4027.81005859375,4145250000
2023-03-30,74.37000274658203,74.37000274658203,269743,1980.300048828125,1980.300048828125,10119,4050.830078125,4050.830078125,3930860000
2023-03-31,75.66999816894531,75.66999816894531,304361,1969.0,1969.0,957,4109.31005859375,4109.31005859375,4525120000
2023-04-03,80.41999816894531,80.41999816894531,547126,1983.9000244140625,1983.9000244140625,737,4124.509765625,4124.509765625,4234700000
2023-04-04,80.70999908447266,80.70999908447266,343570,2022.199951171875,2022.199951171875,811,4100.60009765625,4100.60009765625,4227800000
2023-04-05,80.61000061035156,80.61000061035156,254974,2020.9000244140625,2020.9000244140625,525,4090.3798828125,4090.3798828125,3968020000
2023-04-06,80.69999694824219,80.69999694824219,0,2011.9000244140625,2011.9000244140625,0,4105.02001953125,4105.02001953125,3486690000
2023-04-10,79.73999786376953,79.73999786376953,264906,1989.0999755859375,1989.0999755859375,652,4109.10986328125,4109.10986328125,3423650000
2023-04-11,81.52999877929688,81.52999877929688,309683,2004.800048828125,2004.800048828125,68,4108.93994140625,4108.93994140625,3665830000
2023-04-12,83.26000213623047,83.26000213623047,356133,2010.9000244140625,2010.9000244140625,172,4091.949951171875,4091.949951171875,3633120000
2023-04-13,82.16000366210938,82.16000366210938,261230,2041.300048828125,2041.300048828125,1043,4146.22021484375,4146.22021484375,3596590000
2023-04-14,82.5199966430664,82.5199966430664,275129,2002.199951171875,2002.199951171875,718,4137.64013671875,4137.64013671875,3575690000
2023-04-17,80.83000183105469,80.83000183105469,217048,1994.199951171875,1994.199951171875,554,4151.31982421875,4151.31982421875,3611180000
2023-04-18,80.86000061035156,80.86000061035156,96290,2007.4000244140625,2007.4000244140625,72,4154.8701171875,4154.8701171875,3536640000
2023-04-19,79.16000366210938,79.16000366210938,78310,1995.199951171875,1995.199951171875,61,4154.52001953125,4154.52001953125,3572560000
2023-04-20,77.29000091552734,77.29000091552734,361413,2007.5999755859375,2007.5999755859375,164,4129.7900390625,4129.7900390625,3772080000
2023-04-21,77.87000274658203,77.87000274658203,291114,1979.5,1979.5,132,4133.52001953125,4133.52001953125,3611750000
2023-04-24,78.76000213623047,78.76000213623047,306720,1989.0999755859375,1989.0999755859375,145,4137.0400390625,4137.0400390625,3290940000
2023-04-25,77.06999969482422,77.06999969482422,361646,1994.0,1994.0,306,4071.6298828125,4071.6298828125,3978640000
2023-04-26,74.30000305175781,74.30000305175781,497778,1985.699951171875,1985.699951171875,615,4055.989990234375,4055.989990234375,3837030000
2023-04-27,74.76000213623047,74.76000213623047,345880,1989.9000244140625,1989.9000244140625,355,4135.35009765625,4135.35009765625,3750550000
2023-04-28,76.77999877929688,76.77999877929688,328399,1990.0999755859375,1990.0999755859375,152,4169.47998046875,4169.47998046875,4087800000
2023-05-01,75.66000366210938,75.66000366210938,215017,1983.4000244140625,1983.4000244140625,210,4167.8701171875,4167.8701171875,3321370000
2023-05-02,71.66000366210938,71.66000366210938,417820,2014.300048828125,2014.300048828125,1896,4119.580078125,4119.580078125,4486130000
2023-05-03,68.5999984741211,68.5999984741211,490523,2028.5999755859375,2028.5999755859375,1349,4090.75,4090.75,4246510000
2023-05-04,68.55999755859375,68.55999755859375,412495,2048.0,2048.0,930,4061.219970703125,4061.219970703125,4920090000
2023-05-05,71.33999633789062,71.33999633789062,330585,2017.4000244140625,2017.4000244140625,59,4136.25,4136.25,4186270000
2023-05-08,73.16000366210938,73.16000366210938,290076,2026.300048828125,2026.300048828125,3,4138.1201171875,4138.1201171875,3641640000
2023-05-09,73.70999908447266,73.70999908447266,317493,2036.199951171875,2036.199951171875,241,4119.169921875,4119.169921875,3810140000
2023-05-10,72.55999755859375,72.55999755859375,351506,2030.5,2030.5,248,4137.64013671875,4137.64013671875,4057160000
2023-05-11,70.87000274658203,70.87000274658203,365892,2014.699951171875,2014.699951171875,90,4130.6201171875,4130.6201171875,3752900000
2023-05-12,70.04000091552734,70.04000091552734,275435,2014.5,2014.5,115,4124.080078125,4124.080078125,3533740000
2023-05-15,71.11000061035156,71.11000061035156,259013,2018.0,2018.0,3,4136.27978515625,4136.27978515625,3562170000
2023-05-16,70.86000061035156,70.86000061035156,232328,1988.4000244140625,1988.4000244140625,49,4109.89990234375,4109.89990234375,3654200000
2023-05-17,72.83000183105469,72.83000183105469,273708,1980.699951171875,1980.699951171875,13,4158.77001953125,4158.77001953125,4039080000
2023-05-18,71.86000061035156,71.86000061035156,80864,1956.5,1956.5,23,4198.0498046875,4198.0498046875,3980500000
2023-05-19,71.55000305175781,71.55000305175781,69949,1978.699951171875,1978.699951171875,106,4191.97998046875,4191.97998046875,4041900000
2023-05-22,71.98999786376953,71.98999786376953,263977,1974.800048828125,1974.800048828125,8,4192.6298828125,4192.6298828125,3728520000
2023-05-23,72.91000366210938,72.91000366210938,317586,1972.4000244140625,1972.4000244140625,1,4145.580078125,4145.580078125,4155320000
2023-05-24,74.33999633789062,74.33999633789062,386611,1962.800048828125,1962.800048828125,189,4115.240234375,4115.240234375,0
2023-05-25,71.83000183105469,71.83000183105469,422637,1943.0999755859375,1943.0999755859375,1,4151.27978515625,4151.27978515625,4147760000
2023-05-26,72.66999816894531,72.66999816894531,261498,1944.0999755859375,1944.0999755859375,166036,4205.4501953125,4205.4501953125,3715460000
2023-05-30,69.45999908447266,69.45999908447266,440862,1958.0,1958.0,37838,4205.52001953125,4205.52001953125,4228510000
2023-05-31,68.08999633789062,68.08999633789062,444787,1963.9000244140625,1963.9000244140625,5959,4179.830078125,4179.830078125,5980670000
2023-06-01,70.0999984741211,70.0999984741211,395393,1978.0,1978.0,750,4221.02001953125,4221.02001953125,4391860000
2023-06-02,71.73999786376953,71.73999786376953,322596,1952.4000244140625,1952.4000244140625,356,4282.3701171875,4282.3701171875,4454200000
2023-06-05,72.1500015258789,72.1500015258789,383943,1958.0,1958.0,713,4273.7900390625,4273.7900390625,3813290000
2023-06-06,71.73999786376953,71.73999786376953,314962,1965.5,1965.5,164,4283.85009765625,4283.85009765625,3996560000
2023-06-07,72.52999877929688,72.52999877929688,299127,1942.699951171875,1942.699951171875,139,4267.52001953125,4267.52001953125,4537800000
2023-06-08,71.29000091552734,71.29000091552734,485396,1963.5999755859375,1963.5999755859375,433,4293.93017578125,4293.93017578125,3826740000
2023-06-09,70.16999816894531,70.16999816894531,300724,1962.199951171875,1962.199951171875,49,4298.85986328125,4298.85986328125,3786510000
2023-06-12,67.12000274658203,67.12000274658203,404769,1955.300048828125,1955.300048828125,212,4338.93017578125,4338.93017578125,3945670000
2023-06-13,69.41999816894531,69.41999816894531,366354,1944.5999755859375,1944.5999755859375,343,4369.009765625,4369.009765625,4275400000
2023-06-14,68.2699966430664,68.2699966430664,304449,1955.300048828125,1955.300048828125,202,4372.58984375,4372.58984375,4252110000
2023-06-15,70.62000274658203,70.62000274658203,115613,1957.800048828125,1957.800048828125,329,4425.83984375,4425.83984375,4176690000
2023-06-16,71.77999877929688,71.77999877929688,99185,1958.4000244140625,1958.4000244140625,119,4409.58984375,4409.58984375,6848600000
2023-06-20,70.5,70.5,430492,1935.5,1935.5,193,4388.7099609375,4388.7099609375,4055790000
2023-06-21,72.52999877929688,72.52999877929688,264656,1933.300048828125,1933.300048828125,557,4365.68994140625,4365.68994140625,3709330000
2023-06-22,69.51000213623047,69.51000213623047,421348,1912.699951171875,1912.699951171875,237,4381.89013671875,4381.89013671875,3511000000
2023-06-23,69.16000366210938,69.16000366210938,322475,1919.0999755859375,1919.0999755859375,105,4348.330078125,4348.330078125,6053620000
2023-06-26,69.37000274658203,69.37000274658203,280116,1923.699951171875,1923.699951171875,71,4328.81982421875,4328.81982421875,3415030000
2023-06-27,67.69999694824219,67.69999694824219,384752,1914.0,1914.0,49,4378.41015625,4378.41015625,3573500000
2023-06-28,69.55999755859375,69.55999755859375,368295,1912.300048828125,1912.300048828125,628,4376.85986328125,4376.85986328125,3739330000
2023-06-29,69.86000061035156,69.86000061035156,292865,1909.199951171875,1909.199951171875,289,4396.43994140625,4396.43994140625,3696660000
2023-06-30,70.63999938964844,70.63999938964844,299873,1921.0999755859375,1921.0999755859375,445,4450.3798828125,4450.3798828125,3923450000
2023-07-03,69.79000091552734,69.79000091552734,303479,1921.699951171875,1921.699951171875,41,4455.58984375,4455.58984375,2034280000
2023-07-05,71.79000091552734,71.79000091552734,456809,1919.5999755859375,1919.5999755859375,193,4446.81982421875,4446.81982421875,3482620000
2023-07-06,71.80000305175781,71.80000305175781,395381,1908.699951171875,1908.699951171875,81,4411.58984375,4411.58984375,3682020000
2023-07-07,73.86000061035156,73.86000061035156,362632,1926.199951171875,1926.199951171875,61,4398.9501953125,4398.9501953125,3630480000
2023-07-10,72.98999786376953,72.98999786376953,301014,1925.0,1925.0,269,4409.52978515625,4409.52978515625,3429600000
2023-07-11,74.83000183105469,74.83000183105469,326883,1931.300048828125,1931.300048828125,142,4439.259765625,4439.259765625,3624220000
2023-07-12,75.75,75.75,352887,1956.199951171875,1956.199951171875,132,4472.16015625,4472.16015625,3920290000
2023-07-13,76.88999938964844,76.88999938964844,379728,1959.199951171875,1959.199951171875,121,4510.0400390625,4510.0400390625,3839530000
2023-07-14,75.41999816894531,75.41999816894531,299576,1960.0999755859375,1960.0999755859375,94,4505.419921875,4505.419921875,3647450000
2023-07-17,74.1500015258789,74.1500015258789,244785,1952.4000244140625,1952.4000244140625,29,4522.7900390625,4522.7900390625,3538240000
2023-07-18,75.75,75.75,125092,1977.199951171875,1977.199951171875,83,4554.97998046875,4554.97998046875,4090010000
2023-07-19,75.3499984741211,75.3499984741211,92920,1977.5,1977.5,35,4565.72021484375,4565.72021484375,4115670000
2023-07-20,75.62999725341797,75.62999725341797,340962,1968.300048828125,1968.300048828125,638,4534.8701171875,4534.8701171875,3761770000
2023-07-21,77.06999969482422,77.06999969482422,308106,1964.300048828125,1964.300048828125,50,4536.33984375,4536.33984375,3570190000
2023-07-24,78.73999786376953,78.73999786376953,368285,1960.300048828125,1960.300048828125,2,4554.64013671875,4554.64013671875,3856250000
2023-07-25,79.62999725341797,79.62999725341797,349600,1962.0999755859375,1962.0999755859375,19,4567.4599609375,4567.4599609375,3812470000
2023-07-26,78.77999877929688,78.77999877929688,322031,1968.9000244140625,1968.9000244140625,51,4566.75,4566.75,3990290000
2023-07-27,80.08999633789062,80.08999633789062,374358,1945.4000244140625,1945.4000244140625,194253,4537.41015625,4537.41015625,4553210000
2023-07-28,80.58000183105469,80.58000183105469,299547,1960.4000244140625,1960.4000244140625,23155,4582.22998046875,4582.22998046875,3981010000
2023-07-31,81.80000305175781,81.80000305175781,297270,1970.5,1970.5,1025,4588.9599609375,4588.9599609375,4503600000
2023-08-01,81.37000274658203,81.37000274658203,307859,1940.699951171875,1940.699951171875,688,4576.72998046875,4576.72998046875,4042370000
2023-08-02,79.48999786376953,79.48999786376953,414825,1937.4000244140625,1937.4000244140625,652,4513.39013671875,4513.39013671875,4270710000
2023-08-03,81.55000305175781,81.55000305175781,402641,1932.0,1932.0,773,4501.89013671875,4501.89013671875,4149120000
2023-08-04,82.81999969482422,82.81999969482422,320873,1939.5999755859375,1939.5999755859375,290,4478.02978515625,4478.02978515625,4143310000
2023-08-07,81.94000244140625,81.94000244140625,293036,1933.5,1933.5,376,4518.43994140625,4518.43994140625,3493920000
2023-08-08,82.91999816894531,82.91999816894531,424545,1924.0999755859375,1924.0999755859375,555,4499.3798828125,4499.3798828125,3884910000
2023-08-09,84.4000015258789,84.4000015258789,478140,1915.4000244140625,1915.4000244140625,451,4467.7099609375,4467.7099609375,3803100000
2023-08-10,82.81999969482422,82.81999969482422,362188,1914.4000244140625,1914.4000244140625,178,4468.830078125,4468.830078125,4504370000
2023-08-11,83.19000244140625,83.19000244140625,331254,1912.9000244140625,1912.9000244140625,57,4464.0498046875,4464.0498046875,3753290000
2023-08-14,82.51000213623047,82.51000213623047,277352,1910.5999755859375,1910.5999755859375,46,4489.72021484375,4489.72021484375,3896410000
2023-08-15,80.98999786376953,80.98999786376953,303207,1902.5,1902.5,73,4437.85986328125,4437.85986328125,3832250000
2023-08-16,79.37999725341797,79.37999725341797,325403,1896.0999755859375,1896.0999755859375,22,4404.330078125,4404.330078125,3753910000
2023-08-17,80.38999938964844,80.38999938964844,235581,1884.0999755859375,1884.0999755859375,245,4370.35986328125,4370.35986328125,3943700000
2023-08-18,81.25,81.25,128090,1886.0999755859375,1886.0999755859375,19,4369.7099609375,4369.7099609375,3940400000
2023-08-21,80.72000122070312,80.72000122070312,115874,1893.300048828125,1893.300048828125,876,4399.77001953125,4399.77001953125,3726850000
2023-08-22,80.3499984741211,80.3499984741211,287489,1896.4000244140625,1896.4000244140625,46,4387.5498046875,4387.5498046875,3522760000
2023-08-23,78.88999938964844,78.88999938964844,378146,1918.5,1918.5,547,4436.009765625,4436.009765625,3837270000
2023-08-24,79.05000305175781,79.05000305175781,349230,1918.199951171875,1918.199951171875,337,4376.31005859375,4376.31005859375,3723470000
2023-08-25,79.83000183105469,79.83000183105469,411409,1911.0999755859375,1911.0999755859375,195,4405.7099609375,4405.7099609375,3296180000
2023-08-28,80.0999984741211,80.0999984741211,246584,1917.9000244140625,1917.9000244140625,99,4433.31005859375,4433.31005859375,2957230000
2023-08-29,81.16000366210938,81.16000366210938,284168,1936.5,1936.5,1674,4497.6298828125,4497.6298828125,3354820000
2023-08-30,81.62999725341797,81.62999725341797,299418,1944.300048828125,1944.300048828125,396,4514.8701171875,4514.8701171875,3064110000
2023-08-31,83.62999725341797,83.62999725341797,368848,1938.199951171875,1938.199951171875,491,4507.66015625,4507.66015625,3946360000
2023-09-01,85.55000305175781,85.55000305175781,420461,1939.800048828125,1939.800048828125,167,4515.77001953125,4515.77001953125,3246260000
2023-09-05,86.69000244140625,86.69000244140625,452908,1926.199951171875,1926.199951171875,113,4496.830078125,4496.830078125,3526250000
2023-09-06,87.54000091552734,87.54000091552734,307115,1918.0999755859375,1918.0999755859375,24,4465.47998046875,4465.47998046875,3418850000
2023-09-07,86.87000274658203,86.87000274658203,270736,1917.5,1917.5,41,4451.14013671875,4451.14013671875,3763760000
2023-09-08,87.51000213623047,87.51000213623047,294437,1918.4000244140625,1918.4000244140625,105,4457.490234375,4457.490234375,3259290000
2023-09-11,87.29000091552734,87.29000091552734,292388,1923.300048828125,1923.300048828125,50,4487.4599609375,4487.4599609375,3369920000
2023-09-12,88.83999633789062,88.83999633789062,341137,1911.300048828125,1911.300048828125,365,4461.89990234375,4461.89990234375,3435740000
2023-09-13,88.5199966430664,88.5199966430664,345972,1909.0999755859375,1909.0999755859375,15,4467.43994140625,4467.43994140625,3529430000
2023-09-14,90.16000366210938,90.16000366210938,325270,1910.0,1910.0,169,4505.10009765625,4505.10009765625,3648720000
2023-09-15,90.7699966430664,90.7699966430664,315003,1923.699951171875,1923.699951171875,8,4450.31982421875,4450.31982421875,6932230000
2023-09-18,91.4800033569336,91.4800033569336,119258,1931.5,1931.5,19,4453.52978515625,4453.52978515625,3161230000
2023-09-19,91.19999694824219,91.19999694824219,94597,1932.0,1932.0,6,4443.9501953125,4443.9501953125,3614880000
2023-09-20,90.27999877929688,90.27999877929688,457854,1945.5999755859375,1945.5999755859375,119,4402.2001953125,4402.2001953125,3308450000
2023-09-21,89.62999725341797,89.62999725341797,351032,1919.199951171875,1919.199951171875,9,4330.0,4330.0,3662340000
2023-09-22,90.02999877929688,90.02999877929688,402087,1925.4000244140625,1925.4000244140625,1,4320.06005859375,4320.06005859375,3349570000
2023-09-25,89.68000030517578,89.68000030517578,328369,1916.5999755859375,1916.5999755859375,114,4337.43994140625,4337.43994140625,3195650000
2023-09-26,90.38999938964844,90.38999938964844,318016,1900.4000244140625,1900.4000244140625,161,4273.52978515625,4273.52978515625,3472340000
2023-09-27,93.68000030517578,93.68000030517578,504630,1871.5999755859375,1871.5999755859375,12251,4274.509765625,4274.509765625,3875880000
2023-09-28,91.70999908447266,91.70999908447266,406709,1860.4000244140625,1860.4000244140625,4654,4299.7001953125,4299.7001953125,3846230000
2023-09-29,90.79000091552734,90.79000091552734,355782,1848.0999755859375,1848.0999755859375,1605,4288.0498046875,4288.0498046875,3865960000
2023-10-02,88.81999969482422,88.81999969482422,334493,1830.0,1830.0,2309,4288.39013671875,4288.39013671875,3938660000
2023-10-03,89.2300033569336,89.2300033569336,350659,1824.5999755859375,1824.5999755859375,310,4229.4501953125,4229.4501953125,3953830000
2023-10-04,84.22000122070312,84.22000122070312,459995,1818.5,1818.5,357,4263.75,4263.75,3777600000
2023-10-05,82.30999755859375,82.30999755859375,465997,1816.5999755859375,1816.5999755859375,393,4258.18994140625,4258.18994140625,3581470000
2023-10-06,82.79000091552734,82.79000091552734,461139,1830.199951171875,1830.199951171875,390,4308.5,4308.5,3902030000
2023-10-09,86.37999725341797,86.37999725341797,435037,1849.5,1849.5,232,4335.66015625,4335.66015625,3174630000
2023-10-10,85.97000122070312,85.97000122070312,337654,1861.0,1861.0,236,4358.240234375,4358.240234375,3520240000
2023-10-11,83.48999786376953,83.48999786376953,425395,1872.800048828125,1872.800048828125,65,4376.9501953125,4376.9501953125,3601660000
2023-10-12,82.91000366210938,82.91000366210938,373492,1869.300048828125,1869.300048828125,46,4349.60986328125,4349.60986328125,3713140000
2023-10-13,87.69000244140625,87.69000244140625,356863,1927.4000244140625,1927.4000244140625,43,4327.77978515625,4327.77978515625,3566560000
2023-10-16,86.66000366210938,86.66000366210938,235780,1921.0999755859375,1921.0999755859375,53,4373.6298828125,4373.6298828125,3409960000
2023-10-17,86.66000366210938,86.66000366210938,197124,1922.699951171875,1922.699951171875,103,4373.2001953125,4373.2001953125,3794850000
2023-10-18,88.31999969482422,88.31999969482422,92797,1955.300048828125,1955.300048828125,67,4314.60009765625,4314.60009765625,3686030000
2023-10-19,89.37000274658203,89.37000274658203,72058,1968.4000244140625,1968.4000244140625,1945,4278.0,4278.0,3969730000
2023-10-20,88.75,88.75,311917,1982.5,1982.5,557,4224.16015625,4224.16015625,4004030000
2023-10-23,85.48999786376953,85.48999786376953,315517,1976.300048828125,1976.300048828125,127,4217.0400390625,4217.0400390625,3776100000
2023-10-24,83.73999786376953,83.73999786376953,370591,1975.0,1975.0,10,4247.68017578125,4247.68017578125,3821820000
2023-10-25,85.38999938964844,85.38999938964844,429459,1984.0999755859375,1984.0999755859375,97,4186.77001953125,4186.77001953125,3869370000
2023-10-26,83.20999908447266,83.20999908447266,341792,1987.199951171875,1987.199951171875,521,4137.22998046875,4137.22998046875,4277640000
2023-10-27,85.54000091552734,85.54000091552734,333760,1988.5999755859375,1988.5999755859375,372,4117.3701171875,4117.3701171875,4019500000
2023-10-30,82.30999755859375,82.30999755859375,356928,1996.199951171875,1996.199951171875,157,4166.81982421875,4166.81982421875,3911140000
2023-10-31,81.0199966430664,81.0199966430664,346007,1985.199951171875,1985.199951171875,84,4193.7998046875,4193.7998046875,4249470000
2023-11-01,80.44000244140625,80.44000244140625,321592,1978.800048828125,1978.800048828125,41,4237.85986328125,4237.85986328125,4224900000
2023-11-02,82.45999908447266,82.45999908447266,307122,1985.5999755859375,1985.5999755859375,39,4317.77978515625,4317.77978515625,4669780000
2023-11-03,80.51000213623047,80.51000213623047,457281,1991.5,1991.5,12,4358.33984375,4358.33984375,4570960000
2023-11-06,80.81999969482422,80.81999969482422,271131,1981.5999755859375,1981.5999755859375,130,4365.97998046875,4365.97998046875,3656340000
2023-11-07,77.37000274658203,77.37000274658203,396289,1966.800048828125,1966.800048828125,20,4378.3798828125,4378.3798828125,3791230000
2023-11-08,75.33000183105469,75.33000183105469,429647,1951.5,1951.5,43,4382.77978515625,4382.77978515625,3729510000
2023-11-09,75.73999786376953,75.73999786376953,303430,1964.199951171875,1964.199951171875,10,4347.35009765625,4347.35009765625,3900780000
2023-11-10,77.16999816894531,77.16999816894531,266998,1932.5999755859375,1932.5999755859375,375,4415.240234375,4415.240234375,3665080000
2023-11-13,78.26000213623047,78.26000213623047,262903,1945.5,1945.5,191,4411.5498046875,4411.5498046875,3326240000
2023-11-14,78.26000213623047,78.26000213623047,263002,1961.800048828125,1961.800048828125,2,4495.7001953125,4495.7001953125,4700350000
2023-11-15,76.66000366210938,76.66000366210938,282301,1960.0999755859375,1960.0999755859375,6,4502.8798828125,4502.8798828125,4347170000
2023-11-16,72.9000015258789,72.9000015258789,125165,1983.9000244140625,1983.9000244140625,39,4508.240234375,4508.240234375,3964520000
2023-11-17,75.88999938964844,75.88999938964844,101484,1981.5999755859375,1981.5999755859375,32,4514.02001953125,4514.02001953125,3777240000
2023-11-20,77.5999984741211,77.5999984741211,270638,1977.699951171875,1977.699951171875,182,4547.3798828125,4547.3798828125,3644790000
2023-11-21,77.7699966430664,77.7699966430664,238629,1999.300048828125,1999.300048828125,16,4538.18994140625,4538.18994140625,3511080000
2023-11-22,77.0999984741211,77.0999984741211,389325,1991.4000244140625,1991.4000244140625,6075,4556.6201171875,4556.6201171875,3042810000
2023-11-24,75.54000091552734,75.54000091552734,281147,2002.199951171875,2002.199951171875,63,4559.33984375,4559.33984375,1639500000
2023-11-27,74.86000061035156,74.86000061035156,289562,2011.800048828125,2011.800048828125,228,4550.43017578125,4550.43017578125,3403990000
2023-11-28,76.41000366210938,76.41000366210938,286618,2039.699951171875,2039.699951171875,174665,4554.89013671875,4554.89013671875,3586240000
2023-11-29,77.86000061035156,77.86000061035156,322170,2047.0999755859375,2047.0999755859375,15290,4550.580078125,4550.580078125,4418760000
2023-11-30,75.95999908447266,75.95999908447266,559169,2038.0999755859375,2038.0999755859375,2506,4567.7998046875,4567.7998046875,5399300000
2023-12-01,74.06999969482422,74.06999969482422,358976,2071.0,2071.0,614,4594.6298828125,4594.6298828125,4397120000
2023-12-04,73.04000091552734,73.04000091552734,388832,2024.0999755859375,2024.0999755859375,1071,4569.77978515625,4569.77978515625,4369910000
2023-12-05,72.31999969482422,72.31999969482422,358703,2018.5,2018.5,289,4567.18017578125,4567.18017578125,3909950000
2023-12-06,69.37999725341797,69.37999725341797,436803,2030.5,2030.5,417,4549.33984375,4549.33984375,4245680000
2023-12-07,69.33999633789062,69.33999633789062,339000,2029.9000244140625,2029.9000244140625,67,4585.58984375,4585.58984375,3818880000
2023-12-08,71.2300033569336,71.2300033569336,302250,1998.300048828125,1998.300048828125,449,4604.3701171875,4604.3701171875,3707010000
2023-12-11,71.31999969482422,71.31999969482422,274414,1978.0,1978.0,651,4622.43994140625,4622.43994140625,3823210000
2023-12-12,68.61000061035156,68.61000061035156,324530,1977.800048828125,1977.800048828125,95,4643.7001953125,4643.7001953125,3808380000
2023-12-13,69.47000122070312,69.47000122070312,306996,1982.300048828125,1982.300048828125,2252,4707.08984375,4707.08984375,5063650000
2023-12-14,71.58000183105469,71.58000183105469,275688,2030.199951171875,2030.199951171875,236,4719.5498046875,4719.5498046875,6314040000
2023-12-15,71.43000030517578,71.43000030517578,95513,2021.0999755859375,2021.0999755859375,261,4719.18994140625,4719.18994140625,8218980000
2023-12-18,72.47000122070312,72.47000122070312,73941,2026.300048828125,2026.300048828125,100,4740.56005859375,4740.56005859375,4060340000
2023-12-19,73.44000244140625,73.44000244140625,230042,2038.4000244140625,2038.4000244140625,498,4768.3701171875,4768.3701171875,4026970000
2023-12-20,74.22000122070312,74.22000122070312,273364,2034.5,2034.5,258,4698.35009765625,4698.35009765625,4201320000
2023-12-21,73.88999938964844,73.88999938964844,251982,2039.0999755859375,2039.0999755859375,228,4746.75,4746.75,3431180000
2023-12-22,73.55999755859375,73.55999755859375,222600,2057.10009765625,2057.10009765625,202,4754.6298828125,4754.6298828125,3046770000
2023-12-26,75.56999969482422,75.56999969482422,208715,2058.199951171875,2058.199951171875,64,4774.75,4774.75,2513910000
2023-12-27,74.11000061035156,74.11000061035156,253323,2081.89990234375,2081.89990234375,586,4781.580078125,4781.580078125,2748450000
2023-12-28,71.7699966430664,71.7699966430664,262748,2073.89990234375,2073.89990234375,338,4783.35009765625,4783.35009765625,2698860000
2023-12-29,71.6500015258789,71.6500015258789,214486,2062.39990234375,2062.39990234375,47,4769.830078125,4769.830078125,3126060000
2024-01-02,70.37999725341797,70.37999725341797,330992,2064.39990234375,2064.39990234375,61,4742.830078125,4742.830078125,3743050000
2024-01-03,72.69999694824219,72.69999694824219,334861,2034.199951171875,2034.199951171875,54,4704.81005859375,4704.81005859375,3950760000
2024-01-04,72.19000244140625,72.19000244140625,344467,2042.300048828125,2042.300048828125,88,4688.68017578125,4688.68017578125,3715480000
2024-01-05,73.80999755859375,73.80999755859375,325525,2042.4000244140625,2042.4000244140625,12,4697.240234375,4697.240234375,3844370000
2024-01-08,70.7699966430664,70.7699966430664,392249,2026.5999755859375,2026.5999755859375,10,4763.5400390625,4763.5400390625,3742320000
2024-01-09,72.23999786376953,72.23999786376953,363445,2026.4000244140625,2026.4000244140625,27,4756.5,4756.5,3529960000
2024-01-10,71.37000274658203,71.37000274658203,352772,2021.699951171875,2021.699951171875,538,4783.4501953125,4783.4501953125,3498680000
2024-01-11,72.0199966430664,72.0199966430664,373645,2014.300048828125,2014.300048828125,97,4780.240234375,4780.240234375,3759890000
2024-01-12,72.68000030517578,72.68000030517578,403636,2046.699951171875,2046.699951171875,390,4783.830078125,4783.830078125,3486340000
2024-01-16,72.4000015258789,72.4000015258789,430437,2026.0,2026.0,46,4765.97998046875,4765.97998046875,4260550000
2024-01-17,72.55999755859375,72.55999755859375,315679,2002.5999755859375,2002.5999755859375,764,4739.2099609375,4739.2099609375,3928600000
2024-01-18,74.08000183105469,74.08000183105469,86646,2018.5999755859375,2018.5999755859375,1474,4780.93994140625,4780.93994140625,4019000000
2024-01-19,73.41000366210938,73.41000366210938,78234,2026.5,2026.5,50,4839.81005859375,4839.81005859375,4287200000
2024-01-22,75.19000244140625,75.19000244140625,372284,2019.800048828125,2019.800048828125,12,4850.43017578125,4850.43017578125,4297610000
2024-01-23,74.37000274658203,74.37000274658203,306060,2023.699951171875,2023.699951171875,15,4864.60009765625,4864.60009765625,3912800000
2024-01-24,75.08999633789062,75.08999633789062,323726,2013.9000244140625,2013.9000244140625,253,4868.5498046875,4868.5498046875,4330030000
2024-01-25,77.36000061035156,77.36000061035156,320177,2016.9000244140625,2016.9000244140625,548,4894.16015625,4894.16015625,4020430000
2024-01-26,78.01000213623047,78.01000213623047,365456,2016.800048828125,2016.800048828125,49,4890.97021484375,4890.97021484375,3353400000
2024-01-29,76.77999877929688,76.77999877929688,331925,2025.199951171875,2025.199951171875,150708,4927.93017578125,4927.93017578125,3525160000
2024-01-30,77.81999969482422,77.81999969482422,347242,2031.5,2031.5,26907,4924.97021484375,4924.97021484375,3836130000
2024-01-31,75.8499984741211,75.8499984741211,344493,2048.39990234375,2048.39990234375,2007,4845.64990234375,4845.64990234375,4696120000
2024-02-01,73.81999969482422,73.81999969482422,577936,2053.0,2053.0,947,4906.18994140625,4906.18994140625,4386090000
2024-02-02,72.27999877929688,72.27999877929688,467768,2036.0999755859375,2036.0999755859375,888,4958.60986328125,4958.60986328125,3974350000
2024-02-05,72.77999877929688,72.77999877929688,350843,2025.699951171875,2025.699951171875,412,4942.81005859375,4942.81005859375,4023640000
2024-02-06,73.30999755859375,73.30999755859375,310955,2034.5,2034.5,249,4954.22998046875,4954.22998046875,4440880000
2024-02-07,73.86000061035156,73.86000061035156,294955,2035.199951171875,2035.199951171875,71,4995.06005859375,4995.06005859375,4895590000
2024-02-08,76.22000122070312,76.22000122070312,377906,2032.199951171875,2032.199951171875,341,4997.91015625,4997.91015625,4341860000
2024-02-09,76.83999633789062,76.83999633789062,302612,2023.300048828125,2023.300048828125,62,5026.60986328125,5026.60986328125,3912990000
2024-02-12,76.91999816894531,76.91999816894531,248476,2018.199951171875,2018.199951171875,317,5021.83984375,5021.83984375,3805740000
2024-02-13,77.87000274658203,77.87000274658203,338174,1992.9000244140625,1992.9000244140625,198,4953.169921875,4953.169921875,4302190000
2024-02-14,76.63999938964844,76.63999938964844,296131,1990.300048828125,1990.300048828125,1916,5000.6201171875,5000.6201171875,3845600000
2024-02-15,78.02999877929688,78.02999877929688,122432,2002.0999755859375,2002.0999755859375,286,5029.72998046875,5029.72998046875,4137970000
2024-02-16,79.19000244140625,79.19000244140625,113713,2011.5,2011.5,32,5005.56982421875,5005.56982421875,3833270000
2024-02-20,78.18000030517578,78.18000030517578,435235,2027.5,2027.5,1326,4975.509765625,4975.509765625,4034880000
2024-02-21,77.91000366210938,77.91000366210938,323243,2022.300048828125,2022.300048828125,15,4981.7998046875,4981.7998046875,3788390000
2024-02-22,78.61000061035156,78.61000061035156,330511,2019.699951171875,2019.699951171875,964,5087.02978515625,5087.02978515625,4051710000
2024-02-23,76.48999786376953,76.48999786376953,353437,2038.5999755859375,2038.5999755859375,22,5088.7998046875,5088.7998046875,3672790000
2024-02-26,77.58000183105469,77.58000183105469,274710,2028.5,2028.5,143,5069.52978515625,5069.52978515625,3683930000
2024-02-27,78.87000274658203,78.87000274658203,269236,2034.0,2034.0,964,5078.18017578125,5078.18017578125,3925950000
2024-02-28,78.54000091552734,78.54000091552734,330043,2033.0,2033.0,581,5069.759765625,5069.759765625,3789370000
2024-02-29,78.26000213623047,78.26000213623047,317939,2045.699951171875,2045.699951171875,706,5096.27001953125,5096.27001953125,5219740000
2024-03-01,79.97000122070312,79.97000122070312,363417,2086.89990234375,2086.89990234375,1210,5137.080078125,5137.080078125,4748110000
2024-03-04,78.73999786376953,78.73999786376953,347214,2117.699951171875,2117.699951171875,805,5130.9501953125,5130.9501953125,4758440000
2024-03-05,78.1500015258789,78.1500015258789,436521,2133.5,2133.5,1287,5078.64990234375,5078.64990234375,4418410000
2024-03-06,79.12999725341797,79.12999725341797,371049,2150.300048828125,2150.300048828125,443,5104.759765625,5104.759765625,4559050000
2024-03-07,78.93000030517578,78.93000030517578,432923,2158.0,2158.0,152,5157.35986328125,5157.35986328125,4137980000
2024-03-08,78.01000213623047,78.01000213623047,347533,2178.60009765625,2178.60009765625,259,5123.68994140625,5123.68994140625,4208870000
2024-03-11,77.93000030517578,77.93000030517578,329873,2182.5,2182.5,738,5117.93994140625,5117.93994140625,3896430000
2024-03-12,77.55999755859375,77.55999755859375,309922,2160.39990234375,2160.39990234375,550,5175.27001953125,5175.27001953125,4080510000
2024-03-13,79.72000122070312,79.72000122070312,316390,2175.39990234375,2175.39990234375,20,5165.31005859375,5165.31005859375,4282890000
2024-03-14,81.26000213623047,81.26000213623047,297450,2163.0,2163.0,515,5150.47998046875,5150.47998046875,4687970000
2024-03-15,81.04000091552734,81.04000091552734,185078,2157.300048828125,2157.300048828125,100,5117.08984375,5117.08984375,7753670000
2024-03-18,82.72000122070312,82.72000122070312,84718,2160.699951171875,2160.699951171875,21,5149.419921875,5149.419921875,4036220000
2024-03-19,83.47000122070312,83.47000122070312,76814,2156.300048828125,2156.300048828125,12,5178.509765625,5178.509765625,4031760000
2024-03-20,81.68000030517578,81.68000030517578,351161,2157.89990234375,2157.89990234375,17,5224.6201171875,5224.6201171875,4064850000
2024-03-21,81.06999969482422,81.06999969482422,266860,2182.39990234375,2182.39990234375,63,5241.52978515625,5241.52978515625,4207730000
2024-03-22,80.62999725341797,80.62999725341797,231101,2158.10009765625,2158.10009765625,19,5234.18017578125,5234.18017578125,3374700000
2024-03-25,81.94999694824219,81.94999694824219,300360,2174.800048828125,2174.800048828125,79,5218.18994140625,5218.18994140625,3331360000
2024-03-26,81.62000274658203,81.62000274658203,235845,2175.60009765625,2175.60009765625,202373,5203.580078125,5203.580078125,3871790000
2024-03-27,81.3499984741211,81.3499984741211,249964,2190.60009765625,2190.60009765625,31200,5248.490234375,5248.490234375,3850500000
2024-03-28,83.16999816894531,83.16999816894531,293774,2217.39990234375,2217.39990234375,2040,5254.35009765625,5254.35009765625,3998270000
2024-04-01,83.70999908447266,83.70999908447266,321059,2236.5,2236.5,400,5243.77001953125,5243.77001953125,3325930000
2024-04-02,85.1500015258789,85.1500015258789,344040,2261.0,2261.0,435,5205.81005859375,5205.81005859375,3886590000
2024-04-03,85.43000030517578,85.43000030517578,322549,2294.39990234375,2294.39990234375,285,5211.490234375,5211.490234375,3703250000
2024-04-04,86.58999633789062,86.58999633789062,359534,2288.800048828125,2288.800048828125,251,5147.2099609375,5147.2099609375,4075680000
2024-04-05,86.91000366210938,86.91000366210938,353206,2325.699951171875,2325.699951171875,344,5204.33984375,5204.33984375,3386780000
2024-04-08,86.43000030517578,86.43000030517578,393734,2331.699951171875,2331.699951171875,202,5202.39013671875,5202.39013671875,3278180000
2024-04-09,85.2300033569336,85.2300033569336,314994,2343.5,2343.5,211,5209.91015625,5209.91015625,3400680000
2024-04-10,86.20999908447266,86.20999908447266,373939,2329.60009765625,2329.60009765625,377,5160.64013671875,5160.64013671875,3845930000
2024-04-11,85.0199966430664,85.0199966430664,388128,2354.800048828125,2354.800048828125,283,5199.06005859375,5199.06005859375,3509380000
2024-04-12,85.66000366210938,85.66000366210938,369958,2356.199951171875,2356.199951171875,584,5123.41015625,5123.41015625,3963220000
2024-04-15,85.41000366210938,85.41000366210938,343894,2365.800048828125,2365.800048828125,1801,5061.81982421875,5061.81982421875,3950210000
2024-04-16,85.36000061035156,85.36000061035156,241343,2390.800048828125,2390.800048828125,41,5051.41015625,5051.41015625,4006200000
2024-04-17,82.69000244140625,82.69000244140625,259540,2371.699951171875,2371.699951171875,37,5022.2099609375,5022.2099609375,3596130000
2024-04-18,82.7300033569336,82.7300033569336,84468,2382.300048828125,2382.300048828125,128,5011.1201171875,5011.1201171875,3619760000
2024-04-19,83.13999938964844,83.13999938964844,76901,2398.39990234375,2398.39990234375,160,4967.22998046875,4967.22998046875,3878750000
2024-04-22,82.8499984741211,82.8499984741211,313914,2332.199951171875,2332.199951171875,53,5010.60009765625,5010.60009765625,3820250000
2024-04-23,83.36000061035156,83.36000061035156,355814,2327.699951171875,2327.699951171875,171,5070.5498046875,5070.5498046875,3751400000
2024-04-24,82.80999755859375,82.80999755859375,329077,2324.5,2324.5,95,5071.6298828125,5071.6298828125,3656740000
2024-04-25,83.56999969482422,83.56999969482422,314116,2329.800048828125,2329.800048828125,1024,5048.419921875,5048.419921875,3958050000
2024-04-26,83.8499984741211,83.8499984741211,244090,2334.800048828125,2334.800048828125,717,5099.9599609375,5099.9599609375,3604140000
2024-04-29,82.62999725341797,82.62999725341797,336984,2345.39990234375,2345.39990234375,405,5116.169921875,5116.169921875,3447450000
2024-04-30,81.93000030517578,81.93000030517578,400680,2291.39990234375,2291.39990234375,113,5035.68994140625,5035.68994140625,4082470000
2024-05-01,79.0,79.0,441978,2299.89990234375,2299.89990234375,42,5018.39013671875,5018.39013671875,4544170000
2024-05-02,78.94999694824219,78.94999694824219,359652,2299.199951171875,2299.199951171875,56,5064.2001953125,5064.2001953125,4381660000
2024-05-03,78.11000061035156,78.11000061035156,324438,2299.0,2299.0,194,5127.7900390625,5127.7900390625,3924990000
2024-05-06,78.4800033569336,78.4800033569336,297369,2321.60009765625,2321.60009765625,9,5180.740234375,5180.740234375,3683250000
2024-05-07,78.37999725341797,78.37999725341797,327593,2315.199951171875,2315.199951171875,25,5187.7001953125,5187.7001953125,3987890000
2024-05-08,78.98999786376953,78.98999786376953,355449,2313.60009765625,2313.60009765625,4,5187.669921875,5187.669921875,3842100000
2024-05-09,79.26000213623047,79.26000213623047,272712,2332.10009765625,2332.10009765625,5,5214.080078125,5214.080078125,3727370000
2024-05-10,78.26000213623047,78.26000213623047,281169,2367.300048828125,2367.300048828125,126,5222.68017578125,5222.68017578125,3617900000
2024-05-13,79.12000274658203,79.12000274658203,287701,2336.10009765625,2336.10009765625,14,5221.419921875,5221.419921875,4255710000
2024-05-14,78.0199966430664,78.0199966430664,307410,2353.39990234375,2353.39990234375,6,5246.68017578125,5246.68017578125,4763580000
2024-05-15,78.62999725341797,78.62999725341797,321267,2388.699951171875,2388.699951171875,29,5308.14990234375,5308.14990234375,4360810000
2024-05-16,79.2300033569336,79.2300033569336,230277,2380.0,2380.0,7,5297.10009765625,5297.10009765625,3817470000
2024-05-17,80.05999755859375,80.05999755859375,94152,2412.199951171875,2412.199951171875,213,5303.27001953125,5303.27001953125,3578120000
2024-05-20,79.80000305175781,79.80000305175781,85072,2433.89990234375,2433.89990234375,40,5308.1298828125,5308.1298828125,3420100000
2024-05-21,79.26000213623047,79.26000213623047,371672,2421.699951171875,2421.699951171875,6,5321.41015625,5321.41015625,3662240000
2024-05-22,77.56999969482422,77.56999969482422,314145,2389.199951171875,2389.199951171875,180,5307.009765625,5307.009765625,3847130000
2024-05-23,76.87000274658203,76.87000274658203,330273,2335.0,2335.0,365,5267.83984375,5267.83984375,3869520000
2024-05-24,77.72000122070312,77.72000122070312,299075,2332.5,2332.5,25,5304.72021484375,5304.72021484375,3005510000
2024-05-28,79.83000183105469,79.83000183105469,334074,2355.199951171875,2355.199951171875,26,5306.0400390625,5306.0400390625,3751540000
2024-05-29,79.2300033569336,79.2300033569336,259594,2340.300048828125,2340.300048828125,119317,5266.9501953125,5266.9501953125,3552750000
2024-05-30,77.91000366210938,77.91000366210938,373779,2342.89990234375,2342.89990234375,32587,5235.47998046875,5235.47998046875,3818750000
2024-05-31,76.98999786376953,76.98999786376953,345120,2322.89990234375,2322.89990234375,941,5277.509765625,5277.509765625,5437160000
2024-06-03,74.22000122070312,74.22000122070312,443271,2346.60009765625,2346.60009765625,781,5283.39990234375,5283.39990234375,4046920000
2024-06-04,73.25,73.25,408721,2325.5,2325.5,890,5291.33984375,5291.33984375,3707900000
2024-06-05,74.06999969482422,74.06999969482422,307701,2354.10009765625,2354.10009765625,295,5354.02978515625,5354.02978515625,3591460000
2024-06-06,75.55000305175781,75.55000305175781,291082,2370.300048828125,2370.300048828125,179,5352.9599609375,5352.9599609375,3609990000
2024-06-07,75.52999877929688,75.52999877929688,280253,2305.199951171875,2305.199951171875,269,5346.990234375,5346.990234375,3692760000
2024-06-10,77.73999786376953,77.73999786376953,317031,2307.699951171875,2307.699951171875,69,5360.7900390625,5360.7900390625,3622280000
2024-06-11,77.9000015258789,77.9000015258789,314874,2307.5,2307.5,871,5375.31982421875,5375.31982421875,3568030000
2024-06-12,78.5,78.5,322285,2336.0,2336.0,132,5421.02978515625,5421.02978515625,3962840000
2024-06-13,78.62000274658203,78.62000274658203,307638,2300.199951171875,2300.199951171875,298,5433.740234375,5433.740234375,3530380000
2024-06-14,78.44999694824219,78.44999694824219,245827,2331.39990234375,2331.39990234375,948,5431.60009765625,5431.60009765625,3438650000
2024-06-17,80.33000183105469,80.33000183105469,126733,2312.39990234375,2312.39990234375,110,5473.22998046875,5473.22998046875,3447840000
2024-06-18,81.56999969482422,81.56999969482422,140709,2330.39990234375,2330.39990234375,43,5487.02978515625,5487.02978515625,3544330000
2024-06-20,82.16999816894531,82.16999816894531,420499,2353.800048828125,2353.800048828125,183,5473.169921875,5473.169921875,3847060000
2024-06-21,80.7300033569336,80.7300033569336,290500,2316.39990234375,2316.39990234375,76,5464.6201171875,5464.6201171875,6773800000
2024-06-24,81.62999725341797,81.62999725341797,271745,2330.0,2330.0,99,5447.8701171875,5447.8701171875,3696750000
2024-06-25,80.83000183105469,80.83000183105469,286038,2316.60009765625,2316.60009765625,105,5469.2998046875,5469.2998046875,3591960000
2024-06-26,80.9000015258789,80.9000015258789,308410,2299.199951171875,2299.199951171875,986,5477.89990234375,5477.89990234375,3563920000
2024-06-27,81.73999786376953,81.73999786376953,306342,2324.5,2324.5,1532,5482.8701171875,5482.8701171875,3589530000
2024-06-28,81.54000091552734,81.54000091552734,260252,2327.699951171875,2327.699951171875,92,5460.47998046875,5460.47998046875,7199220000
2024-07-01,83.37999725341797,83.37999725341797,345780,2327.60009765625,2327.60009765625,237,5475.08984375,5475.08984375,3488760000
2024-07-02,82.80999755859375,82.80999755859375,367787,2323.0,2323.0,30,5509.009765625,5509.009765625,3329950000
2024-07-03,83.87999725341797,83.87999725341797,289685,2359.800048828125,2359.800048828125,59,5537.02001953125,5537.02001953125,2179470000
2024-07-05,83.16000366210938,83.16000366210938,361357,2388.5,2388.5,72,5567.18994140625,5567.18994140625,3253080000
2024-07-08,82.33000183105469,82.33000183105469,251774,2355.199951171875,2355.199951171875,64,5572.85009765625,5572.85009765625,3185670000
2024-07-09,81.41000366210938,81.41000366210938,297325,2360.10009765625,2360.10009765625,9,5576.97998046875,5576.97998046875,3232920000
2024-07-10,82.0999984741211,82.0999984741211,334380,2372.199951171875,2372.199951171875,19,5633.91015625,5633.91015625,3336100000
2024-07-11,82.62000274658203,82.62000274658203,324170,2415.0,2415.0,72,5584.5400390625,5584.5400390625,4020950000
2024-07-12,82.20999908447266,82.20999908447266,370062,2414.0,2414.0,355,5615.35009765625,5615.35009765625,3700280000
2024-07-15,81.91000366210938,81.91000366210938,296520,2422.89990234375,2422.89990234375,540,5631.22021484375,5631.22021484375,3620470000
2024-07-16,80.76000213623047,80.76000213623047,308186,2462.39990234375,2462.39990234375,93,5667.2001953125,5667.2001953125,4041760000
2024-07-17,82.8499984741211,82.8499984741211,257437,2454.800048828125,2454.800048828125,10,5588.27001953125,5588.27001953125,4246450000
2024-07-18,82.81999969482422,82.81999969482422,95704,2451.800048828125,2451.800048828125,2,5544.58984375,5544.58984375,4007510000
2024-07-19,80.12999725341797,80.12999725341797,83795,2395.5,2395.5,15,5505.0,5505.0,3760570000
2024-07-22,79.77999877929688,79.77999877929688,345235,2392.0,2392.0,18,5564.41015625,5564.41015625,3375180000
2024-07-23,76.95999908447266,76.95999908447266,417941,2404.60009765625,2404.60009765625,41,5555.740234375,5555.740234375,3500210000
2024-07-24,77.58999633789062,77.58999633789062,355971,2413.300048828125,2413.300048828125,6,5427.1298828125,5427.1298828125,3945550000
2024-07-25,78.27999877929688,78.27999877929688,457288,2351.89990234375,2351.89990234375,31,5399.22021484375,5399.22021484375,4592120000
2024-07-26,77.16000366210938,77.16000366210938,365121,2380.0,2380.0,95,5459.10009765625,5459.10009765625,3638770000
2024-07-29,75.80999755859375,75.80999755859375,362635,2377.300048828125,2377.300048828125,126409,5463.5400390625,5463.5400390625,3379970000
2024-07-30,74.7300033569336,74.7300033569336,419478,2405.0,2405.0,25944,5436.43994140625,5436.43994140625,3777740000
2024-07-31,77.91000366210938,77.91000366210938,460315,2426.5,2426.5,1313,5522.2998046875,5522.2998046875,4546910000
2024-08-01,76.30999755859375,76.30999755859375,383014,2435.0,2435.0,690,5446.68017578125,5446.68017578125,4703620000
2024-08-02,73.5199966430664,73.5199966430664,467786,2425.699951171875,2425.699951171875,550,5346.56005859375,5346.56005859375,5156450000
2024-08-05,72.94000244140625,72.94000244140625,500151,2401.699951171875,2401.699951171875,334,5186.330078125,5186.330078125,5333250000
2024-08-06,73.19999694824219,73.19999694824219,352250,2389.10009765625,2389.10009765625,163,5240.02978515625,5240.02978515625,4690190000
2024-08-07,75.2300033569336,75.2300033569336,427995,2390.5,2390.5,130,5199.5,5199.5,4558260000
2024-08-08,76.19000244140625,76.19000244140625,327301,2422.199951171875,2422.199951171875,201,5319.31005859375,5319.31005859375,4016830000
2024-08-09,76.83999633789062,76.83999633789062,263007,2432.10009765625,2432.10009765625,611,5344.16015625,5344.16015625,3516400000
2024-08-12,80.05999755859375,80.05999755859375,376747,2462.39990234375,2462.39990234375,566,5344.39013671875,5344.39013671875,3360160000
2024-08-13,78.3499984741211,78.3499984741211,370763,2466.699951171875,2466.699951171875,510,5434.43017578125,5434.43017578125,3648980000
2024-08-14,76.9800033569336,76.9800033569336,357636,2439.39990234375,2439.39990234375,274,5455.2099609375,5455.2099609375,3380050000
2024-08-15,78.16000366210938,78.16000366210938,195122,2453.10009765625,2453.10009765625,285,5543.22021484375,5543.22021484375,3723310000
2024-08-16,76.6500015258789,76.6500015258789,100810,2498.60009765625,2498.60009765625,197,5554.25,5554.25,3357690000
2024-08-19,74.37000274658203,74.37000274658203,118172,2501.800048828125,2501.800048828125,88,5608.25,5608.25,3222050000
2024-08-20,74.04000091552734,74.04000091552734,329276,2511.300048828125,2511.300048828125,187,5597.1201171875,5597.1201171875,2994420000
2024-08-21,71.93000030517578,71.93000030517578,390527,2508.39990234375,2508.39990234375,96,5620.85009765625,5620.85009765625,3119670000
2024-08-22,73.01000213623047,73.01000213623047,334117,2478.89990234375,2478.89990234375,210,5570.64013671875,5570.64013671875,2981530000
2024-08-23,74.83000183105469,74.83000183105469,313764,2508.39990234375,2508.39990234375,94,5634.60986328125,5634.60986328125,3291940000
2024-08-26,77.41999816894531,77.41999816894531,409675,2517.699951171875,2517.699951171875,290,5616.83984375,5616.83984375,2938570000
2024-08-27,75.52999877929688,75.52999877929688,331162,2516.0,2516.0,100,5625.7998046875,5625.7998046875,2798990000
2024-08-28,74.5199966430664,74.5199966430664,337361,2501.0,2501.0,2353,5592.18017578125,5592.18017578125,3053450000
2024-08-29,75.91000366210938,75.91000366210938,408147,2525.699951171875,2525.699951171875,3966,5591.9599609375,5591.9599609375,3065640000
2024-08-30,73.55000305175781,73.55000305175781,427273,2493.800048828125,2493.800048828125,208,5648.39990234375,5648.39990234375,4185850000
2024-09-03,70.33999633789062,70.33999633789062,546617,2489.89990234375,2489.89990234375,206,5528.93017578125,5528.93017578125,3866350000
2024-09-04,69.19999694824219,69.19999694824219,482025,2493.39990234375,2493.39990234375,470,5520.06982421875,5520.06982421875,3478140000
2024-09-05,69.1500015258789,69.1500015258789,405596,2511.39990234375,2511.39990234375,54,5503.41015625,5503.41015625,3521650000
2024-09-06,67.66999816894531,67.66999816894531,351074,2493.5,2493.5,96,5408.419921875,5408.419921875,3822800000
2024-09-09,68.70999908447266,68.70999908447266,351074,2501.800048828125,2501.800048828125,96,5471.0498046875,5471.0498046875,3825940000
2024-09-10,65.75,65.75,442855,2512.300048828125,2512.300048828125,5,5495.52001953125,5495.52001953125,3848180000
2024-09-11,67.30999755859375,67.30999755859375,393311,2512.10009765625,2512.10009765625,90,5554.1298828125,5554.1298828125,3839450000
2024-09-12,68.97000122070312,68.97000122070312,351976,2551.199951171875,2551.199951171875,132,5595.759765625,5595.759765625,3655070000
2024-09-13,68.6500015258789,68.6500015258789,308983,2581.300048828125,2581.300048828125,31,5626.02001953125,5626.02001953125,3500790000
2024-09-16,70.08999633789062,70.08999633789062,295176,2580.39990234375,2580.39990234375,28,5633.08984375,5633.08984375,3437070000
2024-09-17,71.19000244140625,71.19000244140625,251629,2564.300048828125,2564.300048828125,22,5634.580078125,5634.580078125,3443600000
2024-09-18,70.91000366210938,70.91000366210938,102907,2570.699951171875,2570.699951171875,25,5618.259765625,5618.259765625,3691390000
2024-09-19,71.94999694824219,71.94999694824219,86630,2588.0,2588.0,99,5713.64013671875,5713.64013671875,4024530000
2024-09-20,71.91999816894531,71.91999816894531,306997,2619.89990234375,2619.89990234375,17,5702.5498046875,5702.5498046875,7867260000
2024-09-23,70.37000274658203,70.37000274658203,338267,2626.5,2626.5,9,5718.56982421875,5718.56982421875,3529550000
2024-09-24,71.55999755859375,71.55999755859375,318516,2651.199951171875,2651.199951171875,35,5732.93017578125,5732.93017578125,3872710000
2024-09-25,69.69000244140625,69.69000244140625,476237,2659.199951171875,2659.199951171875,175,5722.259765625,5722.259765625,3624910000
2024-09-26,67.66999816894531,67.66999816894531,478069,2669.89990234375,2669.89990234375,17216,5745.3701171875,5745.3701171875,4391180000
2024-09-27,68.18000030517578,68.18000030517578,341133,2644.300048828125,2644.300048828125,4228,5738.169921875,5738.169921875,3898530000
2024-09-30,68.16999816894531,68.16999816894531,350115,2636.10009765625,2636.10009765625,973,5762.47998046875,5762.47998046875,4425730000
2024-10-01,69.83000183105469,69.83000183105469,668216,2667.300048828125,2667.300048828125,153,5708.75,5708.75,4025180000
2024-10-02,70.0999984741211,70.0999984741211,429225,2647.10009765625,2647.10009765625,72,5709.5400390625,5709.5400390625,3829050000
2024-10-03,73.70999908447266,73.70999908447266,460554,2657.10009765625,2657.10009765625,354,5699.93994140625,5699.93994140625,3597450000
2024-10-04,74.37999725341797,74.37999725341797,428815,2645.800048828125,2645.800048828125,114,5751.06982421875,5751.06982421875,3479400000
2024-10-07,77.13999938964844,77.13999938964844,419018,2644.800048828125,2644.800048828125,284,5695.93994140625,5695.93994140625,3637790000
2024-10-08,73.56999969482422,73.56999969482422,496760,2615.0,2615.0,687,5751.1298828125,5751.1298828125,3393400000
2024-10-09,73.23999786376953,73.23999786376953,401159,2606.0,2606.0,152,5792.0400390625,5792.0400390625,3650340000
2024-10-10,75.8499984741211,75.8499984741211,321453,2620.60009765625,2620.60009765625,320,5780.0498046875,5780.0498046875,3208790000
2024-10-11,75.55999755859375,75.55999755859375,315302,2657.60009765625,2657.60009765625,12,5815.02978515625,5815.02978515625,3208720000
2024-10-14,73.83000183105469,73.83000183105469,273455,2647.800048828125,2647.800048828125,40,5859.85009765625,5859.85009765625,3005250000
2024-10-15,70.58000183105469,70.58000183105469,328738,2661.39990234375,2661.39990234375,39,5815.259765625,5815.259765625,3882120000
2024-10-16,70.38999938964844,70.38999938964844,222437,2674.0,2674.0,6,5842.47021484375,5842.47021484375,3467230000
2024-10-17,70.66999816894531,70.66999816894531,188161,2691.0,2691.0,30,5841.47021484375,5841.47021484375,3480010000
2024-10-18,69.22000122070312,69.22000122070312,95768,2713.699951171875,2713.699951171875,29,5864.669921875,5864.669921875,3374490000
2024-10-21,70.55999755859375,70.55999755859375,92584,2723.10009765625,2723.10009765625,52,5853.97998046875,5853.97998046875,3407010000
2024-10-22,72.08999633789062,72.08999633789062,330456,2744.199951171875,2744.199951171875,93,5851.2001953125,5851.2001953125,3342080000
2024-10-23,70.7699966430664,70.7699966430664,293835,2714.39990234375,2714.39990234375,18,5797.419921875,5797.419921875,3532650000
2024-10-24,70.19000244140625,70.19000244140625,286571,2734.89990234375,2734.89990234375,27,5809.85986328125,5809.85986328125,3543030000
2024-10-25,71.77999877929688,71.77999877929688,287189,2740.89990234375,2740.89990234375,29,5808.1201171875,5808.1201171875,3501280000
2024-10-28,67.37999725341797,67.37999725341797,419623,2742.89990234375,2742.89990234375,56,5823.52001953125,5823.52001953125,3691280000
2024-10-29,67.20999908447266,67.20999908447266,291929,2768.39990234375,2768.39990234375,848,5832.919921875,5832.919921875,3879100000
2024-10-30,68.61000061035156,68.61000061035156,284795,2788.5,2788.5,231,5813.669921875,5813.669921875,3851120000
2024-10-31,69.26000213623047,69.26000213623047,311055,2738.300048828125,2738.300048828125,849,5705.4501953125,5705.4501953125,4425660000
2024-11-01,69.48999786376953,69.48999786376953,320572,2738.60009765625,2738.60009765625,109,5728.7998046875,5728.7998046875,3796450000
2024-11-04,71.47000122070312,71.47000122070312,286947,2736.10009765625,2736.10009765625,16,5712.68994140625,5712.68994140625,3602060000
2024-11-05,71.98999786376953,71.98999786376953,247311,2740.300048828125,2740.300048828125,23,5782.759765625,5782.759765625,3768310000
2024-11-06,71.69000244140625,71.69000244140625,388265,2667.60009765625,2667.60009765625,427,5929.0400390625,5929.0400390625,6329530000
2024-11-07,72.36000061035156,72.36000061035156,353595,2698.39990234375,2698.39990234375,676,5973.10009765625,5973.10009765625,4925740000
2024-11-08,70.37999725341797,70.37999725341797,362038,2687.5,2687.5,1038,5995.5400390625,5995.5400390625,4666740000
2024-11-11,68.04000091552734,68.04000091552734,364506,2611.199951171875,2611.199951171875,20,6001.35009765625,6001.35009765625,4333000000
2024-11-12,68.12000274658203,68.12000274658203,286926,2600.0,2600.0,118,5983.990234375,5983.990234375,4243400000
2024-11-13,68.43000030517578,68.43000030517578,386027,2580.800048828125,2580.800048828125,53,5985.3798828125,5985.3798828125,4220180000
2024-11-14,68.69999694824219,68.69999694824219,232270,2568.199951171875,2568.199951171875,27,5949.169921875,5949.169921875,4184570000
2024-11-15,67.0199966430664,67.0199966430664,205235,2565.699951171875,2565.699951171875,20,5870.6201171875,5870.6201171875,4590960000
2024-11-18,69.16000366210938,69.16000366210938,110375,2610.60009765625,2610.60009765625,136,5893.6201171875,5893.6201171875,3983860000
2024-11-19,69.38999938964844,69.38999938964844,89360,2627.10009765625,2627.10009765625,87,5916.97998046875,5916.97998046875,4036940000
2024-11-20,68.87000274658203,68.87000274658203,235637,2648.199951171875,2648.199951171875,27,5917.10986328125,5917.10986328125,3772620000
2024-11-21,70.0999984741211,70.0999984741211,283850,2672.10009765625,2672.10009765625,33,5948.7099609375,5948.7099609375,4230120000
2024-11-22,71.23999786376953,71.23999786376953,408207,2709.89990234375,2709.89990234375,41,5969.33984375,5969.33984375,4141420000
2024-11-25,68.94000244140625,68.94000244140625,380922,2616.800048828125,2616.800048828125,94,5987.3701171875,5987.3701171875,5633150000
2024-11-26,68.7699966430664,68.7699966430664,292138,2620.300048828125,2620.300048828125,177858,6021.6298828125,6021.6298828125,3835170000
2024-11-27,68.72000122070312,68.72000122070312,227215,2639.89990234375,2639.89990234375,61653,5998.740234375,5998.740234375,3363340000
2024-11-29,68.0,68.0,291408,2657.0,2657.0,3861,6032.3798828125,6032.3798828125,2444420000
2024-12-02,68.0999984741211,68.0999984741211,264883,2634.89990234375,2634.89990234375,695,6047.14990234375,6047.14990234375,4412470000
2024-12-03,69.94000244140625,69.94000244140625,303752,2644.699951171875,2644.699951171875,1062,6049.8798828125,6049.8798828125,4095000000
2024-12-04,68.54000091552734,68.54000091552734,325636,2653.800048828125,2653.800048828125,249,6086.490234375,6086.490234375,4003390000
2024-12-05,68.30000305175781,68.30000305175781,286701,2626.60009765625,2626.60009765625,573,6075.10986328125,6075.10986328125,4212020000
2024-12-06,67.19999694824219,67.19999694824219,341593,2638.60009765625,2638.60009765625,571,6090.27001953125,6090.27001953125,3924830000
2024-12-09,68.37000274658203,68.37000274658203,297085,2664.89990234375,2664.89990234375,935,6052.85009765625,6052.85009765625,4556460000
2024-12-10,68.58999633789062,68.58999633789062,286003,2697.60009765625,2697.60009765625,437,6034.91015625,6034.91015625,4048410000
2024-12-11,70.29000091552734,70.29000091552734,335892,2733.800048828125,2733.800048828125,3387,6084.18994140625,6084.18994140625,4269950000
2024-12-12,70.0199966430664,70.0199966430664,326046,2687.5,2687.5,2365,6051.25,6051.25,3678010000
2024-12-13,71.29000091552734,71.29000091552734,230429,2656.0,2656.0,1125,6051.08984375,6051.08984375,3584960000
2024-12-16,70.70999908447266,70.70999908447266,204296,2651.39990234375,2651.39990234375,877,6074.080078125,6074.080078125,4391100000
2024-12-17,70.08000183105469,70.08000183105469,99604,2644.39990234375,2644.39990234375,705,6050.60986328125,6050.60986328125,4544500000
2024-12-18,70.58000183105469,70.58000183105469,99386,2636.5,2636.5,566,5872.16015625,5872.16015625,5246960000
2024-12-19,69.91000366210938,69.91000366210938,291660,2592.199951171875,2592.199951171875,238,5867.080078125,5867.080078125,4896880000
2024-12-20,69.45999908447266,69.45999908447266,231592,2628.699951171875,2628.699951171875,592,5930.85009765625,5930.85009765625,8223220000
2024-12-23,69.23999786376953,69.23999786376953,188843,2612.300048828125,2612.300048828125,451,5974.06982421875,5974.06982421875,3593280000
2024-12-24,70.0999984741211,70.0999984741211,122602,2620.0,2620.0,35,6040.0400390625,6040.0400390625,1757720000
2024-12-26,69.62000274658203,69.62000274658203,144877,2638.800048828125,2638.800048828125,84,6037.58984375,6037.58984375,2904530000
2024-12-27,70.5999984741211,70.5999984741211,172641,2617.199951171875,2617.199951171875,642,5970.83984375,5970.83984375,3159610000
2024-12-30,70.98999786376953,70.98999786376953,199296,2606.10009765625,2606.10009765625,794,5906.93994140625,5906.93994140625,3433250000
2024-12-31,71.72000122070312,71.72000122070312,151155,2629.199951171875,2629.199951171875,401,5881.6298828125,5881.6298828125,3128350000
